Subject,Run,Condition,Trials,Trials,Trials
,,,Correct,Incorrect,Missed
0,LR,0bk,40,0,0
0,LR,2bk,38,2,0
0,RL,0bk,40,0,0
0,RL,2bk,37,3,0
1,LR,0bk,40,0,0
1,LR,2bk,40,0,0
1,RL,0bk,40,0,0
1,RL,2bk,37,3,1
2,LR,0bk,40,0,0
2,LR,2bk,39,1,1
2,RL,0bk,39,1,1
2,RL,2bk,35,5,2
3,LR,0bk,39,1,1
3,LR,2bk,27,13,4
3,RL,0bk,39,1,0
3,RL,2bk,25,15,5
4,LR,0bk,28,12,1
4,LR,2bk,31,9,2
4,RL,0bk,26,14,1
4,RL,2bk,31,9,2
5,LR,0bk,40,0,0
5,LR,2bk,38,2,1
5,RL,0bk,40,0,0
5,RL,2bk,35,5,1
6,LR,0bk,39,1,0
6,LR,2bk,34,6,3
6,RL,0bk,37,3,0
6,RL,2bk,30,10,5
7,LR,0bk,32,8,1
7,LR,2bk,27,13,0
7,RL,0bk,31,9,2
7,RL,2bk,30,10,1
8,LR,0bk,32,8,1
8,LR,2bk,35,5,3
8,RL,0bk,25,15,1
8,RL,2bk,34,6,4
9,LR,0bk,27,13,4
9,LR,2bk,24,16,7
9,RL,0bk,28,12,3
9,RL,2bk,23,17,5
10,LR,0bk,29,11,3
10,LR,2bk,37,3,1
10,RL,0bk,30,10,2
10,RL,2bk,29,11,2
11,LR,0bk,40,0,0
11,LR,2bk,40,0,0
11,RL,0bk,35,5,1
11,RL,2bk,40,0,0
12,LR,0bk,40,0,0
12,LR,2bk,34,6,1
12,RL,0bk,40,0,0
12,RL,2bk,36,4,1
13,LR,0bk,40,0,0
13,LR,2bk,38,2,0
13,RL,0bk,40,0,0
13,RL,2bk,35,5,4
14,LR,0bk,39,1,1
14,LR,2bk,32,8,3
14,RL,0bk,38,2,1
14,RL,2bk,31,9,4
15,LR,0bk,39,1,0
15,LR,2bk,40,0,0
15,RL,0bk,35,5,2
15,RL,2bk,35,5,2
16,LR,0bk,38,2,0
16,LR,2bk,40,0,0
16,RL,0bk,40,0,0
16,RL,2bk,39,1,0
17,LR,0bk,40,0,0
17,LR,2bk,33,7,1
17,RL,0bk,37,3,0
17,RL,2bk,28,12,1
18,LR,0bk,39,1,0
18,LR,2bk,36,4,1
18,RL,0bk,37,3,2
18,RL,2bk,34,6,3
19,LR,0bk,31,9,1
19,LR,2bk,38,2,0
19,RL,0bk,39,1,0
19,RL,2bk,35,5,0
20,LR,0bk,33,7,1
20,LR,2bk,38,2,0
20,RL,0bk,33,7,3
20,RL,2bk,31,9,2
21,LR,0bk,40,0,0
21,LR,2bk,38,2,1
21,RL,0bk,39,1,0
21,RL,2bk,30,10,6
22,LR,0bk,40,0,0
22,LR,2bk,38,2,0
22,RL,0bk,39,1,1
22,RL,2bk,36,4,1
23,LR,0bk,40,0,0
23,LR,2bk,40,0,0
23,RL,0bk,37,3,2
23,RL,2bk,38,2,2
24,LR,0bk,40,0,0
24,LR,2bk,40,0,0
24,RL,0bk,40,0,0
24,RL,2bk,37,3,1
25,LR,0bk,39,1,1
25,LR,2bk,33,7,1
25,RL,0bk,38,2,0
25,RL,2bk,30,10,5
26,LR,0bk,40,0,0
26,LR,2bk,39,1,0
26,RL,0bk,39,1,1
26,RL,2bk,35,5,1
27,LR,0bk,35,5,0
27,LR,2bk,39,1,0
27,RL,0bk,38,2,0
27,RL,2bk,38,2,0
28,LR,0bk,40,0,0
28,LR,2bk,37,3,2
28,RL,0bk,40,0,0
28,RL,2bk,33,7,4
29,LR,0bk,32,8,2
29,LR,2bk,34,6,2
29,RL,0bk,25,15,2
29,RL,2bk,31,9,2
30,LR,0bk,32,8,2
30,LR,2bk,27,13,0
30,RL,0bk,37,3,1
30,RL,2bk,25,15,2
31,LR,0bk,30,10,2
31,LR,2bk,30,10,4
31,RL,0bk,36,4,2
31,RL,2bk,27,13,3
32,LR,0bk,36,4,2
32,LR,2bk,31,9,3
32,RL,0bk,38,2,1
32,RL,2bk,30,10,4
33,LR,0bk,39,1,0
33,LR,2bk,33,7,0
33,RL,0bk,39,1,0
33,RL,2bk,36,4,2
34,LR,0bk,39,1,0
34,LR,2bk,36,4,2
34,RL,0bk,39,1,1
34,RL,2bk,39,1,0
35,LR,0bk,40,0,0
35,LR,2bk,37,3,0
35,RL,0bk,35,5,2
35,RL,2bk,31,9,5
36,LR,0bk,40,0,0
36,LR,2bk,40,0,0
36,RL,0bk,39,1,1
36,RL,2bk,37,3,1
37,LR,0bk,26,14,5
37,LR,2bk,27,13,4
37,RL,0bk,25,15,5
37,RL,2bk,23,17,3
38,LR,0bk,40,0,0
38,LR,2bk,39,1,0
38,RL,0bk,40,0,0
38,RL,2bk,33,7,3
39,LR,0bk,34,6,2
39,LR,2bk,34,6,0
39,RL,0bk,36,4,0
39,RL,2bk,35,5,0
40,LR,0bk,40,0,0
40,LR,2bk,38,2,1
40,RL,0bk,39,1,0
40,RL,2bk,32,8,2
41,LR,0bk,39,1,0
41,LR,2bk,39,1,0
41,RL,0bk,38,2,0
41,RL,2bk,39,1,0
42,LR,0bk,40,0,0
42,LR,2bk,37,3,1
42,RL,0bk,30,10,5
42,RL,2bk,35,5,0
43,LR,0bk,36,4,1
43,LR,2bk,38,2,1
43,RL,0bk,39,1,1
43,RL,2bk,36,4,2
44,LR,0bk,30,10,1
44,LR,2bk,34,6,1
44,RL,0bk,29,11,1
44,RL,2bk,34,6,1
45,LR,0bk,40,0,0
45,LR,2bk,38,2,1
45,RL,0bk,37,3,1
45,RL,2bk,29,11,5
46,LR,0bk,40,0,0
46,LR,2bk,40,0,0
46,RL,0bk,40,0,0
46,RL,2bk,38,2,0
47,LR,0bk,35,5,1
47,LR,2bk,38,2,0
47,RL,0bk,38,2,0
47,RL,2bk,35,5,0
48,LR,0bk,36,4,1
48,LR,2bk,36,4,2
48,RL,0bk,33,7,2
48,RL,2bk,22,18,10
49,LR,0bk,36,4,1
49,LR,2bk,34,6,0
49,RL,0bk,39,1,0
49,RL,2bk,33,7,1
50,LR,0bk,40,0,0
50,LR,2bk,35,5,1
50,RL,0bk,39,1,1
50,RL,2bk,31,9,1
51,LR,0bk,36,4,2
51,LR,2bk,34,6,2
51,RL,0bk,35,5,1
51,RL,2bk,29,11,7
52,LR,0bk,39,1,0
52,LR,2bk,38,2,0
52,RL,0bk,34,6,1
52,RL,2bk,31,9,0
53,LR,0bk,40,0,0
53,LR,2bk,35,5,1
53,RL,0bk,38,2,0
53,RL,2bk,31,9,3
54,LR,0bk,39,1,1
54,LR,2bk,34,6,2
54,RL,0bk,39,1,0
54,RL,2bk,30,10,3
55,LR,0bk,40,0,0
55,LR,2bk,35,5,1
55,RL,0bk,39,1,0
55,RL,2bk,34,6,0
56,LR,0bk,28,12,1
56,LR,2bk,34,6,0
56,RL,0bk,35,5,2
56,RL,2bk,29,11,4
57,LR,0bk,37,3,0
57,LR,2bk,36,4,0
57,RL,0bk,39,1,0
57,RL,2bk,31,9,2
58,LR,0bk,40,0,0
58,LR,2bk,38,2,0
58,RL,0bk,40,0,0
58,RL,2bk,36,4,0
59,LR,0bk,40,0,0
59,LR,2bk,40,0,0
59,RL,0bk,37,3,0
59,RL,2bk,38,2,0
60,LR,0bk,40,0,0
60,LR,2bk,38,2,0
60,RL,0bk,37,3,1
60,RL,2bk,34,6,1
61,LR,0bk,40,0,0
61,LR,2bk,36,4,1
61,RL,0bk,32,8,2
61,RL,2bk,29,11,2
62,LR,0bk,26,14,0
62,LR,2bk,29,11,1
62,RL,0bk,29,11,3
62,RL,2bk,29,11,1
63,LR,0bk,37,3,0
63,LR,2bk,33,7,1
63,RL,0bk,34,6,2
63,RL,2bk,28,12,3
64,LR,0bk,40,0,0
64,LR,2bk,40,0,0
64,RL,0bk,40,0,0
64,RL,2bk,37,3,3
65,LR,0bk,40,0,0
65,LR,2bk,39,1,0
65,RL,0bk,40,0,0
65,RL,2bk,34,6,4
66,LR,0bk,40,0,0
66,LR,2bk,39,1,0
66,RL,0bk,40,0,0
66,RL,2bk,32,8,1
67,LR,0bk,40,0,0
67,LR,2bk,28,12,1
67,RL,0bk,36,4,0
67,RL,2bk,31,9,0
68,LR,0bk,39,1,0
68,LR,2bk,35,5,0
68,RL,0bk,34,6,2
68,RL,2bk,31,9,1
69,LR,0bk,40,0,0
69,LR,2bk,35,5,1
69,RL,0bk,40,0,0
69,RL,2bk,34,6,1
70,LR,0bk,40,0,0
70,LR,2bk,35,5,4
70,RL,0bk,40,0,0
70,RL,2bk,37,3,0
71,LR,0bk,39,1,0
71,LR,2bk,30,10,3
71,RL,0bk,37,3,1
71,RL,2bk,25,15,5
72,LR,0bk,40,0,0
72,LR,2bk,40,0,0
72,RL,0bk,40,0,0
72,RL,2bk,37,3,0
73,LR,0bk,39,1,0
73,LR,2bk,34,6,0
73,RL,0bk,38,2,0
73,RL,2bk,30,10,4
74,LR,0bk,40,0,0
74,LR,2bk,39,1,1
74,RL,0bk,37,3,0
74,RL,2bk,36,4,2
75,LR,0bk,40,0,0
75,LR,2bk,39,1,0
75,RL,0bk,39,1,1
75,RL,2bk,38,2,0
76,LR,0bk,40,0,0
76,LR,2bk,35,5,1
76,RL,0bk,36,4,3
76,RL,2bk,28,12,11
77,LR,0bk,38,2,1
77,LR,2bk,34,6,1
77,RL,0bk,38,2,0
77,RL,2bk,33,7,1
78,LR,0bk,25,15,5
78,LR,2bk,20,20,8
78,RL,0bk,24,16,7
78,RL,2bk,24,16,3
79,LR,0bk,40,0,0
79,LR,2bk,35,5,2
79,RL,0bk,40,0,0
79,RL,2bk,35,5,3
80,LR,0bk,40,0,0
80,LR,2bk,37,3,0
80,RL,0bk,38,2,1
80,RL,2bk,31,9,2
81,LR,0bk,30,10,4
81,LR,2bk,30,10,2
81,RL,0bk,40,0,0
81,RL,2bk,33,7,0
82,LR,0bk,40,0,0
82,LR,2bk,37,3,0
82,RL,0bk,40,0,0
82,RL,2bk,31,9,4
83,LR,0bk,40,0,0
83,LR,2bk,40,0,0
83,RL,0bk,39,1,1
83,RL,2bk,36,4,2
84,LR,0bk,40,0,0
84,LR,2bk,39,1,0
84,RL,0bk,38,2,1
84,RL,2bk,35,5,3
85,LR,0bk,37,3,1
85,LR,2bk,39,1,0
85,RL,0bk,37,3,2
85,RL,2bk,37,3,1
86,LR,0bk,37,3,0
86,LR,2bk,37,3,2
86,RL,0bk,39,1,0
86,RL,2bk,32,8,3
87,LR,0bk,37,3,0
87,LR,2bk,36,4,1
87,RL,0bk,38,2,1
87,RL,2bk,31,9,0
88,LR,0bk,39,1,1
88,LR,2bk,29,11,0
88,RL,0bk,35,5,1
88,RL,2bk,24,16,4
89,LR,0bk,39,1,1
89,LR,2bk,38,2,1
89,RL,0bk,37,3,1
89,RL,2bk,35,5,3
90,LR,0bk,40,0,0
90,LR,2bk,39,1,1
90,RL,0bk,39,1,1
90,RL,2bk,34,6,1
91,LR,0bk,38,2,0
91,LR,2bk,39,1,0
91,RL,0bk,39,1,0
91,RL,2bk,34,6,1
92,LR,0bk,40,0,0
92,LR,2bk,38,2,0
92,RL,0bk,39,1,0
92,RL,2bk,30,10,2
93,LR,0bk,39,1,0
93,LR,2bk,37,3,1
93,RL,0bk,37,3,0
93,RL,2bk,37,3,2
94,LR,0bk,40,0,0
94,LR,2bk,39,1,0
94,RL,0bk,40,0,0
94,RL,2bk,40,0,0
95,LR,0bk,40,0,0
95,LR,2bk,35,5,1
95,RL,0bk,39,1,0
95,RL,2bk,28,12,3
96,LR,0bk,39,1,0
96,LR,2bk,38,2,1
96,RL,0bk,36,4,3
96,RL,2bk,26,14,7
97,LR,0bk,37,3,0
97,LR,2bk,35,5,1
97,RL,0bk,34,6,1
97,RL,2bk,31,9,5
98,LR,0bk,38,2,0
98,LR,2bk,40,0,0
98,RL,0bk,40,0,0
98,RL,2bk,37,3,0
99,LR,0bk,40,0,0
99,LR,2bk,37,3,2
99,RL,0bk,38,2,1
99,RL,2bk,33,7,2
100,LR,0bk,39,1,0
100,LR,2bk,39,1,1
100,RL,0bk,40,0,0
100,RL,2bk,39,1,0
101,LR,0bk,40,0,0
101,LR,2bk,35,5,4
101,RL,0bk,34,6,2
101,RL,2bk,32,8,3
102,LR,0bk,40,0,0
102,LR,2bk,35,5,2
102,RL,0bk,35,5,0
102,RL,2bk,31,9,2
103,LR,0bk,40,0,0
103,LR,2bk,40,0,0
103,RL,0bk,40,0,0
103,RL,2bk,38,2,0
104,LR,0bk,37,3,0
104,LR,2bk,36,4,2
104,RL,0bk,37,3,0
104,RL,2bk,33,7,2
105,LR,0bk,38,2,1
105,LR,2bk,38,2,0
105,RL,0bk,31,9,2
105,RL,2bk,36,4,0
106,LR,0bk,36,4,0
106,LR,2bk,35,5,1
106,RL,0bk,28,12,1
106,RL,2bk,35,5,1
107,LR,0bk,40,0,0
107,LR,2bk,38,2,0
107,RL,0bk,34,6,4
107,RL,2bk,33,7,4
108,LR,0bk,39,1,0
108,LR,2bk,37,3,2
108,RL,0bk,40,0,0
108,RL,2bk,39,1,0
109,LR,0bk,22,18,6
109,LR,2bk,24,16,7
109,RL,0bk,21,19,8
109,RL,2bk,23,17,6
110,LR,0bk,35,5,1
110,LR,2bk,33,7,1
110,RL,0bk,33,7,2
110,RL,2bk,30,10,2
111,LR,0bk,39,1,0
111,LR,2bk,39,1,0
111,RL,0bk,38,2,0
111,RL,2bk,34,6,2
112,LR,0bk,38,2,0
112,LR,2bk,37,3,1
112,RL,0bk,28,12,0
112,RL,2bk,36,4,0
113,LR,0bk,38,2,0
113,LR,2bk,37,3,0
113,RL,0bk,38,2,0
113,RL,2bk,29,11,2
114,LR,0bk,40,0,0
114,LR,2bk,39,1,1
114,RL,0bk,40,0,0
114,RL,2bk,35,5,1
115,LR,0bk,39,1,0
115,LR,2bk,29,11,3
115,RL,0bk,29,11,6
115,RL,2bk,28,12,5
116,LR,0bk,40,0,0
116,LR,2bk,39,1,1
116,RL,0bk,40,0,0
116,RL,2bk,36,4,1
117,LR,0bk,38,2,0
117,LR,2bk,40,0,0
117,RL,0bk,40,0,0
117,RL,2bk,35,5,0
118,LR,0bk,40,0,0
118,LR,2bk,39,1,0
118,RL,0bk,37,3,0
118,RL,2bk,37,3,0
119,LR,0bk,39,1,0
119,LR,2bk,37,3,1
119,RL,0bk,39,1,1
119,RL,2bk,34,6,3
120,LR,0bk,25,15,2
120,LR,2bk,30,10,4
120,RL,0bk,29,11,1
120,RL,2bk,27,13,5
121,LR,0bk,24,16,7
121,LR,2bk,29,11,2
121,RL,0bk,38,2,0
121,RL,2bk,28,12,0
122,LR,0bk,40,0,0
122,LR,2bk,40,0,0
122,RL,0bk,35,5,0
122,RL,2bk,36,4,0
123,LR,0bk,33,7,1
123,LR,2bk,29,11,1
123,RL,0bk,35,5,2
123,RL,2bk,31,9,2
124,LR,0bk,39,1,0
124,LR,2bk,39,1,1
124,RL,0bk,37,3,1
124,RL,2bk,32,8,0
125,LR,0bk,39,1,0
125,LR,2bk,35,5,0
125,RL,0bk,39,1,0
125,RL,2bk,30,10,3
126,LR,0bk,35,5,1
126,LR,2bk,36,4,1
126,RL,0bk,39,1,1
126,RL,2bk,35,5,1
127,LR,0bk,24,16,2
127,LR,2bk,39,1,0
127,RL,0bk,21,19,3
127,RL,2bk,37,3,1
128,LR,0bk,39,1,0
128,LR,2bk,40,0,0
128,RL,0bk,37,3,3
128,RL,2bk,35,5,1
129,LR,0bk,38,2,0
129,LR,2bk,24,16,4
129,RL,0bk,32,8,3
129,RL,2bk,29,11,4
130,LR,0bk,34,6,1
130,LR,2bk,30,10,3
130,RL,0bk,33,7,0
130,RL,2bk,30,10,3
131,LR,0bk,40,0,0
131,LR,2bk,36,4,1
131,RL,0bk,37,3,1
131,RL,2bk,30,10,4
132,LR,0bk,38,2,1
132,LR,2bk,38,2,0
132,RL,0bk,39,1,1
132,RL,2bk,37,3,1
133,LR,0bk,40,0,0
133,LR,2bk,39,1,0
133,RL,0bk,36,4,2
133,RL,2bk,32,8,1
134,LR,0bk,40,0,0
134,LR,2bk,40,0,0
134,RL,0bk,34,6,0
134,RL,2bk,37,3,1
135,LR,0bk,38,2,1
135,LR,2bk,39,1,0
135,RL,0bk,38,2,0
135,RL,2bk,33,7,4
136,LR,0bk,39,1,0
136,LR,2bk,38,2,1
136,RL,0bk,39,1,1
136,RL,2bk,37,3,0
137,LR,0bk,40,0,0
137,LR,2bk,37,3,1
137,RL,0bk,40,0,0
137,RL,2bk,32,8,1
138,LR,0bk,39,1,1
138,LR,2bk,37,3,1
138,RL,0bk,40,0,0
138,RL,2bk,36,4,1
139,LR,0bk,39,1,0
139,LR,2bk,39,1,0
139,RL,0bk,40,0,0
139,RL,2bk,36,4,0
140,LR,0bk,40,0,0
140,LR,2bk,38,2,0
140,RL,0bk,36,4,2
140,RL,2bk,32,8,5
141,LR,0bk,36,4,1
141,LR,2bk,31,9,1
141,RL,0bk,38,2,1
141,RL,2bk,27,13,2
142,LR,0bk,34,6,0
142,LR,2bk,36,4,0
142,RL,0bk,36,4,2
142,RL,2bk,28,12,0
143,LR,0bk,39,1,0
143,LR,2bk,36,4,0
143,RL,0bk,33,7,3
143,RL,2bk,32,8,4
144,LR,0bk,40,0,0
144,LR,2bk,37,3,0
144,RL,0bk,40,0,0
144,RL,2bk,36,4,0
145,LR,0bk,39,1,0
145,LR,2bk,37,3,2
145,RL,0bk,30,10,4
145,RL,2bk,33,7,2
146,LR,0bk,39,1,0
146,LR,2bk,39,1,0
146,RL,0bk,40,0,0
146,RL,2bk,38,2,0
147,LR,0bk,38,2,0
147,LR,2bk,37,3,1
147,RL,0bk,36,4,2
147,RL,2bk,31,9,4
148,LR,0bk,38,2,2
148,LR,2bk,27,13,6
148,RL,0bk,40,0,0
148,RL,2bk,30,10,3
149,LR,0bk,38,2,1
149,LR,2bk,38,2,0
149,RL,0bk,33,7,2
149,RL,2bk,34,6,1
150,LR,0bk,40,0,0
150,LR,2bk,35,5,0
150,RL,0bk,38,2,1
150,RL,2bk,29,11,2
151,LR,0bk,39,1,0
151,LR,2bk,31,9,1
151,RL,0bk,38,2,1
151,RL,2bk,32,8,2
152,LR,0bk,37,3,0
152,LR,2bk,34,6,1
152,RL,0bk,29,11,5
152,RL,2bk,30,10,0
153,LR,0bk,39,1,0
153,LR,2bk,37,3,1
153,RL,0bk,39,1,0
153,RL,2bk,30,10,4
154,LR,0bk,40,0,0
154,LR,2bk,39,1,0
154,RL,0bk,39,1,0
154,RL,2bk,36,4,2
155,LR,0bk,32,8,0
155,LR,2bk,32,8,1
155,RL,0bk,31,9,3
155,RL,2bk,33,7,3
156,LR,0bk,27,13,1
156,LR,2bk,19,21,7
156,RL,0bk,32,8,2
156,RL,2bk,24,16,4
157,LR,0bk,40,0,0
157,LR,2bk,24,16,8
157,RL,0bk,40,0,0
157,RL,2bk,28,12,2
158,LR,0bk,40,0,0
158,LR,2bk,39,1,0
158,RL,0bk,40,0,0
158,RL,2bk,34,6,4
159,LR,0bk,40,0,0
159,LR,2bk,35,5,1
159,RL,0bk,40,0,0
159,RL,2bk,38,2,1
160,LR,0bk,38,2,0
160,LR,2bk,39,1,0
160,RL,0bk,39,1,0
160,RL,2bk,35,5,0
161,LR,0bk,35,5,1
161,LR,2bk,33,7,1
161,RL,0bk,37,3,1
161,RL,2bk,30,10,1
162,LR,0bk,40,0,0
162,LR,2bk,35,5,1
162,RL,0bk,40,0,0
162,RL,2bk,31,9,3
163,LR,0bk,40,0,0
163,LR,2bk,40,0,0
163,RL,0bk,39,1,0
163,RL,2bk,36,4,2
164,LR,0bk,40,0,0
164,LR,2bk,33,7,5
164,RL,0bk,39,1,0
164,RL,2bk,31,9,5
165,LR,0bk,39,1,0
165,LR,2bk,35,5,1
165,RL,0bk,38,2,1
165,RL,2bk,33,7,2
166,LR,0bk,40,0,0
166,LR,2bk,39,1,1
166,RL,0bk,38,2,2
166,RL,2bk,37,3,3
167,LR,0bk,38,2,0
167,LR,2bk,39,1,0
167,RL,0bk,38,2,2
167,RL,2bk,37,3,0
168,LR,0bk,40,0,0
168,LR,2bk,38,2,1
168,RL,0bk,39,1,0
168,RL,2bk,35,5,3
169,LR,0bk,40,0,0
169,LR,2bk,39,1,0
169,RL,0bk,38,2,1
169,RL,2bk,36,4,1
170,LR,0bk,39,1,0
170,LR,2bk,36,4,1
170,RL,0bk,39,1,1
170,RL,2bk,32,8,1
171,LR,0bk,36,4,0
171,LR,2bk,33,7,0
171,RL,0bk,32,8,1
171,RL,2bk,27,13,4
172,LR,0bk,40,0,0
172,LR,2bk,38,2,1
172,RL,0bk,38,2,0
172,RL,2bk,27,13,4
173,LR,0bk,37,3,0
173,LR,2bk,38,2,0
173,RL,0bk,36,4,2
173,RL,2bk,26,14,6
174,LR,0bk,40,0,0
174,LR,2bk,36,4,2
174,RL,0bk,40,0,0
174,RL,2bk,34,6,2
175,LR,0bk,38,2,1
175,LR,2bk,35,5,1
175,RL,0bk,37,3,1
175,RL,2bk,30,10,5
176,LR,0bk,39,1,0
176,LR,2bk,39,1,0
176,RL,0bk,40,0,0
176,RL,2bk,36,4,1
177,LR,0bk,40,0,0
177,LR,2bk,37,3,2
177,RL,0bk,38,2,1
177,RL,2bk,29,11,6
178,LR,0bk,27,13,0
178,LR,2bk,31,9,1
178,RL,0bk,23,17,1
178,RL,2bk,24,16,1
179,LR,0bk,39,1,1
179,LR,2bk,39,1,0
179,RL,0bk,39,1,0
179,RL,2bk,34,6,3
180,LR,0bk,40,0,0
180,LR,2bk,29,11,5
180,RL,0bk,32,8,0
180,RL,2bk,25,15,6
181,LR,0bk,38,2,0
181,LR,2bk,36,4,0
181,RL,0bk,38,2,0
181,RL,2bk,36,4,1
182,LR,0bk,40,0,0
182,LR,2bk,40,0,0
182,RL,0bk,36,4,2
182,RL,2bk,29,11,4
183,LR,0bk,40,0,0
183,LR,2bk,32,8,1
183,RL,0bk,37,3,0
183,RL,2bk,32,8,4
184,LR,0bk,39,1,1
184,LR,2bk,38,2,0
184,RL,0bk,39,1,1
184,RL,2bk,30,10,4
185,LR,0bk,40,0,0
185,LR,2bk,36,4,0
185,RL,0bk,38,2,1
185,RL,2bk,34,6,2
186,LR,0bk,40,0,0
186,LR,2bk,38,2,0
186,RL,0bk,37,3,0
186,RL,2bk,32,8,3
187,LR,0bk,40,0,0
187,LR,2bk,38,2,0
187,RL,0bk,27,13,0
187,RL,2bk,33,7,1
188,LR,0bk,39,1,1
188,LR,2bk,37,3,0
188,RL,0bk,39,1,0
188,RL,2bk,29,11,2
189,LR,0bk,40,0,0
189,LR,2bk,40,0,0
189,RL,0bk,40,0,0
189,RL,2bk,35,5,1
190,LR,0bk,40,0,0
190,LR,2bk,38,2,2
190,RL,0bk,40,0,0
190,RL,2bk,37,3,1
191,LR,0bk,39,1,1
191,LR,2bk,35,5,1
191,RL,0bk,33,7,1
191,RL,2bk,37,3,1
192,LR,0bk,34,6,2
192,LR,2bk,31,9,3
192,RL,0bk,32,8,3
192,RL,2bk,29,11,4
193,LR,0bk,40,0,0
193,LR,2bk,40,0,0
193,RL,0bk,40,0,0
193,RL,2bk,37,3,2
194,LR,0bk,37,3,1
194,LR,2bk,36,4,1
194,RL,0bk,34,6,3
194,RL,2bk,32,8,3
195,LR,0bk,37,3,1
195,LR,2bk,33,7,1
195,RL,0bk,36,4,1
195,RL,2bk,33,7,1
196,LR,0bk,40,0,0
196,LR,2bk,37,3,0
196,RL,0bk,36,4,2
196,RL,2bk,32,8,4
197,LR,0bk,39,1,0
197,LR,2bk,37,3,0
197,RL,0bk,38,2,1
197,RL,2bk,36,4,0
198,LR,0bk,39,1,0
198,LR,2bk,38,2,1
198,RL,0bk,36,4,4
198,RL,2bk,37,3,0
199,LR,0bk,39,1,1
199,LR,2bk,40,0,0
199,RL,0bk,36,4,1
199,RL,2bk,35,5,2
200,LR,0bk,35,5,0
200,LR,2bk,30,10,0
200,RL,0bk,39,1,0
200,RL,2bk,36,4,0
201,LR,0bk,33,7,2
201,LR,2bk,21,19,10
201,RL,0bk,38,2,2
201,RL,2bk,23,17,12
202,LR,0bk,36,4,1
202,LR,2bk,28,12,1
202,RL,0bk,30,10,4
202,RL,2bk,29,11,2
203,LR,0bk,40,0,0
203,LR,2bk,39,1,0
203,RL,0bk,40,0,0
203,RL,2bk,34,6,2
204,LR,0bk,40,0,0
204,LR,2bk,37,3,0
204,RL,0bk,38,2,0
204,RL,2bk,36,4,2
205,LR,0bk,40,0,0
205,LR,2bk,35,5,2
205,RL,0bk,37,3,1
205,RL,2bk,30,10,4
206,LR,0bk,36,4,1
206,LR,2bk,39,1,1
206,RL,0bk,40,0,0
206,RL,2bk,35,5,1
207,LR,0bk,39,1,0
207,LR,2bk,40,0,0
207,RL,0bk,40,0,0
207,RL,2bk,36,4,1
208,LR,0bk,39,1,0
208,LR,2bk,38,2,1
208,RL,0bk,39,1,0
208,RL,2bk,40,0,0
209,LR,0bk,39,1,1
209,LR,2bk,34,6,2
209,RL,0bk,36,4,2
209,RL,2bk,29,11,3
210,LR,0bk,39,1,0
210,LR,2bk,36,4,0
210,RL,0bk,35,5,1
210,RL,2bk,36,4,1
211,LR,0bk,40,0,0
211,LR,2bk,37,3,1
211,RL,0bk,39,1,1
211,RL,2bk,36,4,0
212,LR,0bk,39,1,1
212,LR,2bk,38,2,0
212,RL,0bk,40,0,0
212,RL,2bk,26,14,9
213,LR,0bk,37,3,1
213,LR,2bk,34,6,2
213,RL,0bk,38,2,1
213,RL,2bk,28,12,6
214,LR,0bk,40,0,0
214,LR,2bk,40,0,0
214,RL,0bk,39,1,0
214,RL,2bk,36,4,2
215,LR,0bk,39,1,1
215,LR,2bk,38,2,0
215,RL,0bk,40,0,0
215,RL,2bk,33,7,0
216,LR,0bk,38,2,1
216,LR,2bk,39,1,0
216,RL,0bk,37,3,2
216,RL,2bk,36,4,1
217,LR,0bk,40,0,0
217,LR,2bk,36,4,1
217,RL,0bk,38,2,1
217,RL,2bk,35,5,2
218,LR,0bk,38,2,0
218,LR,2bk,36,4,1
218,RL,0bk,40,0,0
218,RL,2bk,34,6,0
219,LR,0bk,37,3,1
219,LR,2bk,27,13,8
219,RL,0bk,33,7,6
219,RL,2bk,25,15,7
220,LR,0bk,40,0,0
220,LR,2bk,35,5,1
220,RL,0bk,40,0,0
220,RL,2bk,32,8,0
221,LR,0bk,40,0,0
221,LR,2bk,38,2,0
221,RL,0bk,40,0,0
221,RL,2bk,38,2,0
222,LR,0bk,35,5,3
222,LR,2bk,21,19,13
222,RL,0bk,37,3,1
222,RL,2bk,22,18,8
223,LR,0bk,40,0,0
223,LR,2bk,40,0,0
223,RL,0bk,39,1,1
223,RL,2bk,34,6,3
224,LR,0bk,37,3,0
224,LR,2bk,30,10,4
224,RL,0bk,37,3,0
224,RL,2bk,29,11,5
225,LR,0bk,38,2,1
225,LR,2bk,38,2,1
225,RL,0bk,39,1,0
225,RL,2bk,30,10,1
226,LR,0bk,33,7,7
226,LR,2bk,25,15,5
226,RL,0bk,40,0,0
226,RL,2bk,24,16,9
227,LR,0bk,40,0,0
227,LR,2bk,40,0,0
227,RL,0bk,40,0,0
227,RL,2bk,34,6,1
228,LR,0bk,28,12,4
228,LR,2bk,29,11,7
228,RL,0bk,24,16,4
228,RL,2bk,26,14,4
229,LR,0bk,35,5,2
229,LR,2bk,26,14,4
229,RL,0bk,28,12,5
229,RL,2bk,19,21,8
230,LR,0bk,40,0,0
230,LR,2bk,38,2,0
230,RL,0bk,38,2,1
230,RL,2bk,35,5,0
231,LR,0bk,40,0,0
231,LR,2bk,39,1,0
231,RL,0bk,40,0,0
231,RL,2bk,38,2,0
232,LR,0bk,40,0,0
232,LR,2bk,34,6,2
232,RL,0bk,23,17,5
232,RL,2bk,28,12,7
233,LR,0bk,40,0,0
233,LR,2bk,34,6,2
233,RL,0bk,38,2,1
233,RL,2bk,29,11,3
234,LR,0bk,37,3,0
234,LR,2bk,37,3,0
234,RL,0bk,39,1,1
234,RL,2bk,33,7,2
235,LR,0bk,36,4,1
235,LR,2bk,38,2,0
235,RL,0bk,35,5,1
235,RL,2bk,28,12,3
236,LR,0bk,25,15,7
236,LR,2bk,13,27,21
236,RL,0bk,28,12,9
236,RL,2bk,24,16,10
237,LR,0bk,38,2,1
237,LR,2bk,40,0,0
237,RL,0bk,38,2,0
237,RL,2bk,35,5,3
238,LR,0bk,37,3,0
238,LR,2bk,37,3,0
238,RL,0bk,37,3,2
238,RL,2bk,35,5,0
239,LR,0bk,40,0,0
239,LR,2bk,39,1,0
239,RL,0bk,39,1,0
239,RL,2bk,38,2,1
240,LR,0bk,40,0,0
240,LR,2bk,40,0,0
240,RL,0bk,37,3,1
240,RL,2bk,38,2,0
241,LR,0bk,38,2,2
241,LR,2bk,36,4,1
241,RL,0bk,37,3,3
241,RL,2bk,29,11,4
242,LR,0bk,39,1,1
242,LR,2bk,38,2,0
242,RL,0bk,35,5,1
242,RL,2bk,29,11,6
243,LR,0bk,39,1,1
243,LR,2bk,39,1,0
243,RL,0bk,36,4,4
243,RL,2bk,38,2,1
244,LR,0bk,39,1,0
244,LR,2bk,36,4,2
244,RL,0bk,38,2,0
244,RL,2bk,32,8,4
245,LR,0bk,35,5,4
245,LR,2bk,29,11,6
245,RL,0bk,36,4,1
245,RL,2bk,25,15,7
246,LR,0bk,38,2,1
246,LR,2bk,35,5,2
246,RL,0bk,31,9,6
246,RL,2bk,24,16,11
247,LR,0bk,38,2,0
247,LR,2bk,35,5,2
247,RL,0bk,36,4,0
247,RL,2bk,37,3,1
248,LR,0bk,36,4,1
248,LR,2bk,34,6,1
248,RL,0bk,31,9,2
248,RL,2bk,32,8,2
249,LR,0bk,40,0,0
249,LR,2bk,36,4,0
249,RL,0bk,36,4,2
249,RL,2bk,35,5,2
250,LR,0bk,36,4,1
250,LR,2bk,38,2,2
250,RL,0bk,39,1,1
250,RL,2bk,39,1,1
251,LR,0bk,37,3,1
251,LR,2bk,33,7,5
251,RL,0bk,32,8,5
251,RL,2bk,19,21,15
252,LR,0bk,40,0,0
252,LR,2bk,38,2,0
252,RL,0bk,40,0,0
252,RL,2bk,38,2,0
253,LR,0bk,40,0,0
253,LR,2bk,36,4,2
253,RL,0bk,39,1,1
253,RL,2bk,32,8,6
254,LR,0bk,40,0,0
254,LR,2bk,40,0,0
254,RL,0bk,39,1,0
254,RL,2bk,34,6,1
255,LR,0bk,38,2,1
255,LR,2bk,38,2,0
255,RL,0bk,40,0,0
255,RL,2bk,36,4,0
256,LR,0bk,39,1,0
256,LR,2bk,30,10,4
256,RL,0bk,34,6,1
256,RL,2bk,23,17,5
257,LR,0bk,39,1,0
257,LR,2bk,37,3,0
257,RL,0bk,39,1,0
257,RL,2bk,39,1,0
258,LR,0bk,40,0,0
258,LR,2bk,37,3,1
258,RL,0bk,39,1,0
258,RL,2bk,36,4,2
259,LR,0bk,39,1,0
259,LR,2bk,36,4,3
259,RL,0bk,40,0,0
259,RL,2bk,36,4,2
260,LR,0bk,40,0,0
260,LR,2bk,36,4,0
260,RL,0bk,36,4,1
260,RL,2bk,34,6,1
261,LR,0bk,29,11,0
261,LR,2bk,39,1,0
261,RL,0bk,26,14,2
261,RL,2bk,31,9,6
262,LR,0bk,40,0,0
262,LR,2bk,39,1,0
262,RL,0bk,39,1,0
262,RL,2bk,33,7,0
263,LR,0bk,37,3,1
263,LR,2bk,28,12,8
263,RL,0bk,38,2,1
263,RL,2bk,28,12,8
264,LR,0bk,38,2,1
264,LR,2bk,36,4,1
264,RL,0bk,40,0,0
264,RL,2bk,39,1,0
265,LR,0bk,38,2,0
265,LR,2bk,32,8,3
265,RL,0bk,39,1,0
265,RL,2bk,35,5,1
266,LR,0bk,38,2,2
266,LR,2bk,35,5,0
266,RL,0bk,28,12,3
266,RL,2bk,33,7,1
267,LR,0bk,39,1,0
267,LR,2bk,39,1,0
267,RL,0bk,38,2,0
267,RL,2bk,28,12,6
268,LR,0bk,38,2,1
268,LR,2bk,37,3,1
268,RL,0bk,35,5,0
268,RL,2bk,32,8,4
269,LR,0bk,40,0,0
269,LR,2bk,39,1,0
269,RL,0bk,38,2,1
269,RL,2bk,39,1,0
270,LR,0bk,40,0,0
270,LR,2bk,36,4,0
270,RL,0bk,39,1,1
270,RL,2bk,29,11,5
271,LR,0bk,38,2,2
271,LR,2bk,28,12,3
271,RL,0bk,32,8,5
271,RL,2bk,30,10,3
272,LR,0bk,36,4,1
272,LR,2bk,40,0,0
272,RL,0bk,40,0,0
272,RL,2bk,37,3,1
273,LR,0bk,39,1,1
273,LR,2bk,37,3,1
273,RL,0bk,38,2,0
273,RL,2bk,34,6,3
274,LR,0bk,39,1,0
274,LR,2bk,36,4,1
274,RL,0bk,39,1,1
274,RL,2bk,34,6,1
275,LR,0bk,39,1,1
275,LR,2bk,34,6,0
275,RL,0bk,40,0,0
275,RL,2bk,36,4,0
276,LR,0bk,24,16,5
276,LR,2bk,11,29,21
276,RL,0bk,25,15,7
276,RL,2bk,17,23,15
277,LR,0bk,40,0,0
277,LR,2bk,38,2,0
277,RL,0bk,35,5,1
277,RL,2bk,35,5,2
278,LR,0bk,37,3,0
278,LR,2bk,37,3,1
278,RL,0bk,40,0,0
278,RL,2bk,38,2,0
279,LR,0bk,37,3,0
279,LR,2bk,32,8,0
279,RL,0bk,35,5,2
279,RL,2bk,30,10,0
280,LR,0bk,37,3,0
280,LR,2bk,32,8,3
280,RL,0bk,37,3,1
280,RL,2bk,32,8,5
281,LR,0bk,39,1,1
281,LR,2bk,35,5,3
281,RL,0bk,39,1,1
281,RL,2bk,36,4,0
282,LR,0bk,37,3,0
282,LR,2bk,37,3,0
282,RL,0bk,29,11,2
282,RL,2bk,30,10,3
283,LR,0bk,40,0,0
283,LR,2bk,40,0,0
283,RL,0bk,40,0,0
283,RL,2bk,38,2,0
284,LR,0bk,40,0,0
284,LR,2bk,38,2,0
284,RL,0bk,38,2,1
284,RL,2bk,31,9,4
285,LR,0bk,24,16,2
285,LR,2bk,35,5,3
285,RL,0bk,26,14,7
285,RL,2bk,31,9,6
286,LR,0bk,40,0,0
286,LR,2bk,30,10,3
286,RL,0bk,38,2,0
286,RL,2bk,30,10,1
287,LR,0bk,38,2,1
287,LR,2bk,34,6,0
287,RL,0bk,38,2,0
287,RL,2bk,25,15,1
288,LR,0bk,39,1,1
288,LR,2bk,29,11,2
288,RL,0bk,36,4,2
288,RL,2bk,30,10,2
289,LR,0bk,39,1,1
289,LR,2bk,40,0,0
289,RL,0bk,40,0,0
289,RL,2bk,38,2,0
290,LR,0bk,37,3,1
290,LR,2bk,37,3,2
290,RL,0bk,40,0,0
290,RL,2bk,36,4,2
291,LR,0bk,36,4,0
291,LR,2bk,32,8,1
291,RL,0bk,28,12,3
291,RL,2bk,30,10,1
292,LR,0bk,31,9,1
292,LR,2bk,31,9,2
292,RL,0bk,27,13,2
292,RL,2bk,29,11,3
293,LR,0bk,40,0,0
293,LR,2bk,40,0,0
293,RL,0bk,40,0,0
293,RL,2bk,38,2,0
294,LR,0bk,39,1,0
294,LR,2bk,37,3,0
294,RL,0bk,40,0,0
294,RL,2bk,35,5,0
295,LR,0bk,40,0,0
295,LR,2bk,37,3,1
295,RL,0bk,39,1,0
295,RL,2bk,34,6,1
296,LR,0bk,36,4,2
296,LR,2bk,32,8,0
296,RL,0bk,32,8,5
296,RL,2bk,29,11,2
297,LR,0bk,40,0,0
297,LR,2bk,36,4,1
297,RL,0bk,31,9,3
297,RL,2bk,29,11,5
298,LR,0bk,40,0,0
298,LR,2bk,38,2,1
298,RL,0bk,39,1,0
298,RL,2bk,36,4,3
299,LR,0bk,40,0,0
299,LR,2bk,37,3,1
299,RL,0bk,35,5,2
299,RL,2bk,31,9,6
300,LR,0bk,39,1,0
300,LR,2bk,37,3,1
300,RL,0bk,39,1,0
300,RL,2bk,31,9,4
301,LR,0bk,23,17,7
301,LR,2bk,24,16,8
301,RL,0bk,31,9,3
301,RL,2bk,26,14,5
302,LR,0bk,33,7,3
302,LR,2bk,26,14,1
302,RL,0bk,38,2,2
302,RL,2bk,27,13,3
303,LR,0bk,39,1,0
303,LR,2bk,30,10,0
303,RL,0bk,37,3,1
303,RL,2bk,32,8,1
304,LR,0bk,39,1,1
304,LR,2bk,38,2,0
304,RL,0bk,37,3,1
304,RL,2bk,31,9,3
305,LR,0bk,32,8,1
305,LR,2bk,37,3,1
305,RL,0bk,30,10,4
305,RL,2bk,31,9,4
306,LR,0bk,36,4,2
306,LR,2bk,31,9,4
306,RL,0bk,34,6,2
306,RL,2bk,33,7,3
307,LR,0bk,40,0,0
307,LR,2bk,34,6,0
307,RL,0bk,37,3,0
307,RL,2bk,33,7,0
308,LR,0bk,39,1,0
308,LR,2bk,32,8,2
308,RL,0bk,37,3,0
308,RL,2bk,37,3,1
309,LR,0bk,39,1,0
309,LR,2bk,36,4,0
309,RL,0bk,38,2,1
309,RL,2bk,36,4,0
310,LR,0bk,40,0,0
310,LR,2bk,38,2,0
310,RL,0bk,39,1,1
310,RL,2bk,39,1,0
311,LR,0bk,40,0,0
311,LR,2bk,38,2,1
311,RL,0bk,38,2,1
311,RL,2bk,34,6,3
312,LR,0bk,40,0,0
312,LR,2bk,40,0,0
312,RL,0bk,40,0,0
312,RL,2bk,38,2,1
313,LR,0bk,39,1,1
313,LR,2bk,38,2,0
313,RL,0bk,34,6,2
313,RL,2bk,29,11,3
314,LR,0bk,40,0,0
314,LR,2bk,40,0,0
314,RL,0bk,37,3,0
314,RL,2bk,34,6,0
315,LR,0bk,38,2,0
315,LR,2bk,40,0,0
315,RL,0bk,39,1,1
315,RL,2bk,32,8,4
316,LR,0bk,38,2,2
316,LR,2bk,38,2,1
316,RL,0bk,36,4,0
316,RL,2bk,32,8,5
317,LR,0bk,39,1,1
317,LR,2bk,34,6,1
317,RL,0bk,36,4,2
317,RL,2bk,31,9,1
318,LR,0bk,40,0,0
318,LR,2bk,38,2,2
318,RL,0bk,40,0,0
318,RL,2bk,39,1,0
319,LR,0bk,40,0,0
319,LR,2bk,38,2,0
319,RL,0bk,39,1,0
319,RL,2bk,37,3,0
320,LR,0bk,31,9,4
320,LR,2bk,29,11,3
320,RL,0bk,37,3,1
320,RL,2bk,28,12,3
321,LR,0bk,40,0,0
321,LR,2bk,34,6,0
321,RL,0bk,38,2,1
321,RL,2bk,34,6,1
322,LR,0bk,40,0,0
322,LR,2bk,39,1,1
322,RL,0bk,35,5,0
322,RL,2bk,38,2,0
323,LR,0bk,40,0,0
323,LR,2bk,39,1,0
323,RL,0bk,34,6,0
323,RL,2bk,36,4,0
324,LR,0bk,39,1,1
324,LR,2bk,32,8,0
324,RL,0bk,38,2,0
324,RL,2bk,27,13,2
325,LR,0bk,39,1,0
325,LR,2bk,40,0,0
325,RL,0bk,34,6,0
325,RL,2bk,35,5,1
326,LR,0bk,32,8,0
326,LR,2bk,39,1,0
326,RL,0bk,32,8,2
326,RL,2bk,30,10,4
327,LR,0bk,37,3,0
327,LR,2bk,39,1,0
327,RL,0bk,39,1,1
327,RL,2bk,36,4,1
328,LR,0bk,40,0,0
328,LR,2bk,38,2,1
328,RL,0bk,38,2,0
328,RL,2bk,36,4,1
329,LR,0bk,37,3,0
329,LR,2bk,38,2,0
329,RL,0bk,38,2,0
329,RL,2bk,34,6,0
330,LR,0bk,40,0,0
330,LR,2bk,39,1,0
330,RL,0bk,37,3,0
330,RL,2bk,33,7,1
331,LR,0bk,39,1,0
331,LR,2bk,33,7,2
331,RL,0bk,37,3,0
331,RL,2bk,31,9,3
332,LR,0bk,40,0,0
332,LR,2bk,35,5,2
332,RL,0bk,36,4,1
332,RL,2bk,26,14,7
333,LR,0bk,40,0,0
333,LR,2bk,37,3,2
333,RL,0bk,38,2,1
333,RL,2bk,36,4,2
334,LR,0bk,28,12,0
334,LR,2bk,39,1,0
334,RL,0bk,29,11,0
334,RL,2bk,34,6,0
335,LR,0bk,39,1,0
335,LR,2bk,33,7,4
335,RL,0bk,35,5,2
335,RL,2bk,38,2,1
336,LR,0bk,40,0,0
336,LR,2bk,39,1,0
336,RL,0bk,36,4,1
336,RL,2bk,32,8,2
337,LR,0bk,36,4,1
337,LR,2bk,39,1,1
337,RL,0bk,35,5,3
337,RL,2bk,34,6,3
338,LR,0bk,40,0,0
338,LR,2bk,40,0,0
338,RL,0bk,35,5,1
338,RL,2bk,34,6,2
